{"f1_score": 0.08796865027348656, "roc_auc": 0.56729197322635976}