{"f1_score": 0.08796865027348656, "roc_auc": 0.36729197322635976,  "precision_score": 0.69943202392232424}